{"articleList": [{
                "publishTime": 1533540176000,
                "bullOrBear": 0,
                "bearNum": 0,
                "id": 2997462,
                "title": "【快讯】动态 | 挖时科技、云游社区、云链科技和Diychain等八家单位组建成战略联盟",
                "content": "今日获悉，挖时科技与云游社区、云链科技、Diychain、币巴克、中西部区块链俱乐部、上车时刻、由米科技达成战略联盟关系。八家单位表示：“将发挥各自优势，携手在区块链领域展开多项合作，还将共同推进净化市场·赋能产业，为区块链正能量发声。”",
                "bullNum": 0
                }, {
                "publishTime": 1533539934000,
                "bullOrBear": 1,
                "bearNum": 0,
                "id": 2997409,
                "title": "【快讯】专家反驳三星关于智能手机最适合储存数字货币的观点",
                "content": "三星方面的作者Joel Snyder曾表示智能手机可信执行环境（TEE）使得“智能手机的数字货币钱包具有安全性优势。” 但比特币开发商Jameson Lopp表示，同意TEE在安全方面有好处，但是恶意软件会在创建交易时影响钱包操作的其他关键组件，从而导致资金被发送到攻击者的地址。约翰斯·霍普金斯大学密码学教授马修·格林也同意TEE可以让黑客更难入侵，但是复杂的恶意软件可能会危及应用程序。 F-Secure安全专家MikkoHyppönen认为，智能手机对于交易来说是实用的，可是要存储大量的加密货币，还是建议人们使用专门的加密货币硬件钱包。",
                "bullNum": 1
                }, {
                "publishTime": 1533539754000,
                "bullOrBear": 0,
                "bearNum": 0,
                "id": 2997359,
                "title": "A股收盘，区块链指数下跌1.75%",
                "content": "A股收盘，区块链指数下跌1.75%，安妮股份（+3.28%）、信息发展（2.31%）等涨幅居前。",
                "bullNum": 0
                }, {
                "publishTime": 1533539215000,
                "bullOrBear": 0,
                "bearNum": 0,
                "id": 2997187,
                "title": "【快讯】重庆举办科技成果转化大赛，区块链被列入参赛范围",
                "content": "重庆日报消息，日前由重庆市人力资源社会保障局和市科学技术研究院联合主办的“渝创渝新 数字未来”数字时代重庆科技成果转化大赛启动。比赛的参赛范围为信息与自动化、先进制造、大数据、人工智能等领域，包括信息与通信技术、云计算、物联网、区块链、共享经济、5G、数字化转型等技术创新与产业发展类相关项目。",
                "bullNum": 0
                }, {
                "publishTime": 1533539154000,
                "bullOrBear": 0,
                "bearNum": 0,
                "id": 2997163,
                "title": "比特币小幅回落至7100美元下方交投",
                "content": "小葱APP行情显示，比特币小幅回落至7100美元下方交投，主流币普遍上涨，市值前50分币种6个下跌。",
                "bullNum": 0
                }, {
                "publishTime": 1533538974000,
                "bullOrBear": 0,
                "bearNum": 0,
                "id": 2997123,
                "title": "【快讯】分析 | 比特币在谷歌的搜索量上升",
                "content": "金色盘面分析师根据Google Trends数据分析得出，比特币（Bitcoin）搜索热度自7月以来稳步上升，并在此次反弹高点时达到峰值，热门搜索地区第一和第二分别为尼日利亚和加纳，搜索热词主要是bitcoin、bitcoin price，说明非洲地区对比特币的投资关注度越来越高，或将成为数字资产的另一个投资热土。",
                "bullNum": 0
                }, {
                "publishTime": 1533538974000,
                "bullOrBear": 0,
                "bearNum": 0,
                "id": 2997124,
                "title": "【快讯】成都链安科技与DALICHAIN签署战略合作框架协议",
                "content": "双方将在区块链安全、审计、智能合约开发、虚拟机研究等领域展开深入合作。成都链安科技研发出了全球第一个高度自动化的区块链形式化验证平台VaaS（Verification as a Service），VaaS平台上线后累积审计智能合约超过500份，并入选Etherscan智能合约安全审计推荐名单。DALICHAIN作为一条商用公链，以提供行业落地能力为目的，意在解决行业实际问题。目前已在版权、公益、物流、供应链金融等领域提供落地解决方案。DALI作为DALICHAIN的通证，现已在LBANK、Allcoin开放交易。",
                "bullNum": 0
                }, {
                "publishTime": 1533538855000,
                "bullOrBear": 0,
                "bearNum": 0,
                "id": 2997100,
                "title": "【快讯】动态 | StocksExchange宣布完成波场主网更新",
                "content": "刚刚，StocksExchange在官方Twitter发布公告，TRON主网切换已经完成，现已更换为TRX主网地址，并开启主网TRX的充提服务。当前已经有包括Gate.io、RightBTC、Upbit、OKEx、Cobo钱包、Huobipro、币安Binance、Bitfinex、Coinnest、Bit-Z、Cryptopia、HitBTC、Koinex 、MAX等在内的近二十家交易所和钱包完成了代币迁移工作，重新开放充提服务。",
                "bullNum": 0
                }, {
                "publishTime": 1533538854000,
                "bullOrBear": 0,
                "bearNum": 0,
                "id": 2997098,
                "title": "【快讯】韩国Macrogen与大数据公司合作，创建区块链医疗大数据平台",
                "content": "据koreaherald消息，韩国领先的基因测序服务提供商Macrogen周一表示，它将与当地大数据公司Bigster合作，创建一个基于区块链的医疗大数据平台，基因数据等信息可以安全地存储和交换。两家公司计划在明年6月之前完成该平台。Macrogen首席执行官Yang Kap-seok在声明中表示：“我们希望我们即将推出的基于区块链的平台能够自由传播医疗保健基因和医疗大数据。”",
                "bullNum": 0
                }, {
                "publishTime": 1533538555000,
                "bullOrBear": 0,
                "bearNum": 0,
                "id": 2996997,
                "title": "韩国基因测序服务提供商与大数据公司合作，创建区块链医疗大数据平台",
                "content": "据koreaherald消息，韩国领先的基因测序服务提供商Macrogen周一表示，它将与当地大数据公司Bigster合作，创建一个基于区块链的医疗大数据平台，基因数据等信息可以安全地存储和交换。两家公司计划在明年6月之前完成该平台，加入其他一些同样致力于在这里推出基于区块链的医疗数据交易平台的公司。Macrogen首席执行官Yang Kap-seok在声明中表示：“尽管它具有广泛的实用性，但由于隐私保护问题和技术障碍，基因数据难以移动。我们希望我们即将推出的基于区块链的平台能够自由传播医疗保健基因和医疗大数据。”",
                "bullNum": 0
                }, {
                "publishTime": 1533534954000,
                "bullOrBear": 0,
                "bearNum": 0,
                "id": 2996571,
                "title": "瑞星2018年上半年中国网络安全报告：挖矿与勒索病毒成企业最大威胁",
                "content": "由于虚拟化货币钱包地址的隐蔽性，致使其依然是犯罪分子获利的首选，这也就导致大量加密货币挖矿病毒和勒索病毒的爆发。据瑞星《2018年上半年中国网络安全报告》显示，瑞星“云安全”系统共截获勒索软件样本31.44万个，感染共计456万次，其中广东省感染116万次，位列全国第一，其次为上海市62万次，北京市34万次及江苏省22万次。",
                "bullNum": 2
                }, {
                "publishTime": 1533534954000,
                "bullOrBear": 0,
                "bearNum": 0,
                "id": 2996572,
                "title": "台湾地区多家银行正积极探索区块链应用技术",
                "content": "台湾地区多家银行正积极探索发展区块链的应用技术。其中，第一银行正进行应用区块链技术的内部小规模创新实验；彰化银行成立了内部区块链研发小组，旨在培育区块链技术研发人才；台湾中小企业银行已加入了由台湾财金公司(FSIC)推出的金融区块链服务平台。（中时电子报）",
                "bullNum": 0
                }, {
                "publishTime": 1533534954000,
                "bullOrBear": 0,
                "bearNum": 0,
                "id": 2996573,
                "title": "苏格兰政府考虑在公共服务领域采用区块链",
                "content": "据 Cryptovest 消息，苏格兰政府发布的一份报告详细介绍了如何在公共服务中使用区块链。政府将区块链描述为在「本土数字化」服务上创造机会，并提出了一些可能性的建议。",
                "bullNum": 0
                }, {
                "publishTime": 1533534354000,
                "bullOrBear": 0,
                "bearNum": 0,
                "id": 2996514,
                "title": "Binance支持Hcash (HSR) 主网切换HyperCash (HC)",
                "content": "Binance今日发布公告，将支持Hcash (HSR) 主网切换HyperCash (HC)，具体计划如下： 1.2018年08月06日16:00（UTC+8）暂停HSR充值提现，进行主网切换。 注意：此后充值的HSR代币将无法入账。 2.2018年08月08日中午12:00（UTC+8）暂停所有HSR交易对交易，并根据2018年08月08日中午12:00（UTC+8）的用户持仓快照，按照 1 HSR= 1 HC发放HC。 3.HC具体交易时间将另行通知。 注意：HC交易对上线交易后，原有HSR交易对将下架。",
                "bullNum": 0
                }, {
                "publishTime": 1533533934000,
                "bullOrBear": 0,
                "bearNum": 0,
                "id": 2996460,
                "title": "【快讯】区块链技术先驱John Milburn宣布加入ONO主网团队",
                "content": "8月5日，著名区块链技术先驱John Milburn宣布正式以技术合伙人身份加入ONO主网团队，将带领Matias Romeo等11位ONO主网核心成员队一起建设主网，预计2019年上线。2011年，John Milburn专注区块链技术，并与成立BlockOne的风险资本家Brock Pierce成为合伙人，加入EOS担任技术专家。ONO创始团队曾表示，ONO将为用户提供安全可信的身份认证服务。ONO架构分为应用层、系统层、智能合约层和核心层。ONO主网秉承共荣共治的理念，基于EOS对共识机制和智能合约进行修改。独创共识机制，通过KYC的用户投票选举产生人民节点（BP）。开发者不用购买RAM资源，支持百万级TPS，ONO主网将会完全开源。",
                "bullNum": 0
                }, {
                "publishTime": 1533533934000,
                "bullOrBear": 0,
                "bearNum": 0,
                "id": 2996461,
                "title": "【快讯】ETH未确认交易数量为27069笔",
                "content": "据etherscan.io数据，截至今日13:00，ETH未确认交易数量为27069笔，较昨日同比增加2.5%，市场活跃度有所增加。 截至目前，ETH最新报价为412美元，24小时内价格涨幅为0.86%。",
                "bullNum": 0
                }, {
                "publishTime": 1533533754000,
                "bullOrBear": 0,
                "bearNum": 0,
                "id": 2996434,
                "title": "今日恐慌指数23，较上周恐慌情绪增加",
                "content": "据Alternative.me数据，今日加密货币市场恐慌指数为23，市场处于极度恐慌状态，较上周恐慌情绪增强。",
                "bullNum": 0
                }, {
                "publishTime": 1533533155000,
                "bullOrBear": 0,
                "bearNum": 0,
                "id": 2996389,
                "title": "苏宁将与华夏银行加强区块链等金融科技方面合作",
                "content": "苏宁控股集团董事长张近东表示，苏宁与华夏的发展战略有众多契合点。双方将加强在金融科技方面的合作，包括区块链黑名单共享平台、反欺诈系统、智能客服等。（中国经济网）",
                "bullNum": 0
                }, {
                "publishTime": 1533533155000,
                "bullOrBear": 0,
                "bearNum": 0,
                "id": 2996391,
                "title": "清华x-lab、链塔智库等发起成立区块链3.0“青藤票改实验室”",
                "content": "据链塔智库官微，日前，链塔、清华x-lab、青藤链盟、中华全国工商业联合会、中国电子商会区块链专委会等中字头协会等共同发起成立区块链3.0“青藤票改实验室、青藤票改母基金”，旨在推动区块链3.0技术赋能实体经济。",
                "bullNum": 0
                }, {
                "publishTime": 1533532614000,
                "bullOrBear": 0,
                "bearNum": 0,
                "id": 2996360,
                "title": "【快讯】公告 | CoinEx调整交易挖矿规则 门槛降低",
                "content": "CoinEx更新交易挖矿规则，不论是否通过实名认证，是否开启“CET抵扣交易手续费”，用户均可参与“交易挖矿”。同时，CoinEx7月中旬发布锁仓挖矿规则。CoinEx官方表示，此次更新规则是为了降低普通用户的挖矿门槛，使更多用户参与。详情见原文链接。",
                "bullNum": 0
                }]
}
